{"assets/fonts/AgrandirWideBlackItalic900.ttf":["assets/fonts/AgrandirWideBlackItalic900.ttf"],"assets/images/background.png":["assets/images/background.png"],"assets/images/driveoption.png":["assets/images/driveoption.png"],"assets/images/encoded.png":["assets/images/encoded.png"],"assets/images/filelist.png":["assets/images/filelist.png"],"assets/images/noresult.png":["assets/images/noresult.png"],"assets/images/pdf.png":["assets/images/pdf.png"],"assets/images/pdfbox.png":["assets/images/pdfbox.png"],"assets/images/uploaded.gif":["assets/images/uploaded.gif"],"packages/cupertino_icons/assets/CupertinoIcons.ttf":["packages/cupertino_icons/assets/CupertinoIcons.ttf"],"packages/flutter_dropzone_web/assets/flutter_dropzone.js":["packages/flutter_dropzone_web/assets/flutter_dropzone.js"],"packages/simple_icons/fonts/SimpleIcons.ttf":["packages/simple_icons/fonts/SimpleIcons.ttf"]}